{"cameraMode":{"drawMode":0,"name":"Shaded","section":"Shading Mode"},"sceneLighting":false,"audioPlay":false,"sceneViewState":{"showFog":true,"showMaterialUpdate":false,"showSkybox":true,"showFlares":true,"showImageEffects":true,"showParticleSystems":true},"in2DMode":false,"pivot":{"x":12.509981155395508,"y":-21.20589256286621,"z":7.260993957519531},"rotation":{"x":0.006590233184397221,"y":0.966500997543335,"z":-0.2553630769252777,"w":0.02494170516729355},"size":189.5537109375,"orthographic":false}